Headline,Date,Sentiment,Value
"Bitcoin, Ethereum, Dogecoin Surge Amid Selling Pressure Over The Weekend: Analyst Says King Crypto To Reach $100K-$150K Post Halving In April",18-03-2024,1,0.9147382378578186
"'I Am Going With Warren On This One:' Bitcoin Is 'Still Thin Air,' Says Personal Finance Guru Dave Ramsey Despite Trillion-Dollar Market Cap",18-03-2024,0,0.0
"Bitcoin Bull Run Far From Over, Says Crypto Trader Alex Krüger: 'We're Very Far Off On The Wirehouse Side'",18-03-2024,0,0.0
"Nasdaq, S&P 500 Set For Strong Open As Nvidia AI Conference Buzz Eclipses Fed Jitters: Analyst Tells Why Investors Should Shrug Off March Slackness",18-03-2024,1,0.6944212317466736
"Bitcoin, Ethereum, Dogecoin Surge Amid Selling Pressure Over The Weekend; Apple Quietly Unveils New Multimodal AI With A Staggering 30B Parameters; This Guy Wants Another January 6; Biden Fires Back At Trump Over 'Bloodbath' Comments - Top Headlines Today While US Was Sleeping",18-03-2024,-1,-0.48955756425857544
"Bitcoin Tops $68,000; dogwifhat Emerges As Top Gainer",18-03-2024,1,0.9039298295974731
Nvidia CEO Jensen Huang Speech May Determine Course Of AI Rally – Huang More Important Than Powell,18-03-2024,0,0.0
Bitcoin Investors Bet Big on 100K-150K BTC But Fall Out Of Love With This Major Coin,18-03-2024,0,0.0
"Stocks Rally With Google, Tesla At The Helm, But Rising Oil Prices Spark Inflation Fears: What's Driving Markets Monday?",18-03-2024,-1,-0.7827520370483398
"Missing Out? Bitcoin Miner Stocks Offer Buying Opportunity Before Halving, Says JPMorgan",18-03-2024,1,0.7696318030357361
"EXCLUSIVE: Bitcoin To Hit $100,000 In March Or April? Here's How Many Benzinga Followers See 6-Figure Mark For King Crypto",18-03-2024,0,0.0
Bitcoin 'Bears Got A Chance But Will They Take It?' Asks Heavily-Followed Crypto Trader,18-03-2024,0,0.0
"Turn $1,000 Into $150 A Month? Explore These High-Yield Crypto Staking Options",18-03-2024,0,0.0
"Trump Rules Out Vivek Ramaswamy As VP, But The Bitcoin Advocate Could Still End Up In An Important Position",19-03-2024,0,0.0
"Bitcoin, Ethereum, Dogecoin Trade Mixed Amid Wider Correction: Analyst Predicts King Crypto Could Rally To $160K Based On A Technical Indicator",19-03-2024,1,0.858954131603241
"Cathie Wood-Led Ark Invest Sheds Shares Of Jack Dorsey's Block And Coinbase As Bitcoin, Ethereum Take A Breather",19-03-2024,0,0.0
Changpeng Zhao Launches A New Project After Stepping Down From Binance: 'No New Tokens',19-03-2024,0,0.0
Bitcoin Takes A Dive As Flash Crash Hits $8.9K On BitMEX Crypto Exchange,19-03-2024,-1,-0.9387962222099304
"US Stocks Poised For Lower Open As Fed Jitters Dampen Tech Hopes; Oil Rally Pauses, Bitcoin Slides 8%",19-03-2024,-1,-0.8870624303817749
Fierce Bitcoin Critic Peter Schiff Warns 'An Even Bigger Crash Likely Lies Ahead' For King Crypto,19-03-2024,-1,-0.9507627487182617
"Bitcoin Plunges Below $63,000, Triggers Market-Wide Crypto Selloff",19-03-2024,-1,-0.8791876435279846
World's Largest Pension Fund Eyes Bitcoin For Portfolio Diversification,19-03-2024,0,0.0
"Bitcoin, Ethereum, Dogecoin Trade Mixed Amid Wider Correction: Analyst Predicts King Crypto Could Rally To $160K Based On A Technical Indicator; Own A Cybertruck? It Can Soon Power Your Home, Says Tesla Exec - Top Headlines Today While US Was Sleeping",19-03-2024,1,0.8488256931304932
"Top 10 Trending Stocks On WallStreetBets As Of March 19, 2024 (Via Swaggy Stocks)",19-03-2024,0,0.0
What's Going On With Bitcoin Mining Stocks Tuesday?,19-03-2024,-1,-0.5875580906867981
"Bitcoin Falls Below $64,000 Ahead Of Fed Meeting; dogwifhat, Theta Network Among Top Losers",19-03-2024,-1,-0.8618935346603394
Bitcoin Decreases More Than 6% Within 24 hours,19-03-2024,-1,-0.9543647170066833
Why the Fears Around BTC Miners Outflow Are Overestimated By Bitget's Gracy Chen,19-03-2024,0,0.0
Nvidia To Extends Its AI Dominance – Momo Turns Nvidia Into A Casino - Sell The News Reaction,19-03-2024,-1,-0.5116555094718933
"Tech Stocks Waver Ahead Of Fed Meeting, Energy Rallies, Bitcoin Plummets Below $65,000: What's Driving Markets Tuesday?",19-03-2024,-1,-0.6611411571502686
"Bitcoin's 6.1% Daily Decline May Just Be The Beginning, Warns 10x Research",19-03-2024,-1,-0.9567040801048279
"Bitcoin To $1M? 'Insane Macro' Will Make It Happen, Says Arthur Hayes: 'It's Time To Even Add More'",19-03-2024,0,0.0
"Peter Schiff Criticizes CNBC As 'Paid Bitcoin Promoter,' Predicts 'An Even Bigger Crash Ahead'",19-03-2024,-1,-0.9512879252433777
"Bitcoin, Ethereum, Dogecoin Plunge As $650M Worth Of Crypto Liquidated In A Single Day: Analyst Predicts King Crypto Poised For Explosive Rally 'As FOMO Greater Than Fear'",20-03-2024,1,0.7288675308227539
Cathie Wood's Ark Invest Isn't Done Selling Shares Of Jack Dorsey-Led Block Yet — Sheds $7.5M Worth of Stock As Bitcoin Price Drops,20-03-2024,-1,-0.9494868516921997
"Peter Schiff Slams Bitcoin ETF Trading Limitations, Takes Dig At MicroStrategy CEO Borrowing Funds For BTC Purchase: 'Looks Like His True Intention Is To Manipulate...'",20-03-2024,0,0.0
BlackRock Files For Mystery-Sized Tokenized Asset Fund After CEO Larry Fink's Thumbs Up,20-03-2024,0,0.0
"Bankman-Fried's Defense Team Argues DOJ For 'Super-Villain' Portrayal, Seeks Lenient Sentence",20-03-2024,-1,-0.7881895303726196
"Compute, Not Fiat Or Bitcoin, Will Be The 'Currency Of The Future,' Says Sam Altman As Nvidia's Jensen Huang Highlights $100 Trillion AI Opportunity",20-03-2024,0,0.0
US Stock Futures Stall As Traders Await Fed Chair Powell's Decision; Analyst Sees S&P 500 Showing 'Signs Of Near-Term Top',20-03-2024,-1,-0.9418014883995056
"Bitcoin, Ethereum, Dogecoin Plunge As $650M Worth Of Crypto Liquidated In A Single Day; Trump Vs Biden: Ohio Exit Polls Reveal Possible Chink In Ex-President's Armor As 2024 Race Heats Up - Top Headlines Today While US Was Sleeping",20-03-2024,-1,-0.76158207654953
"Bitcoin Tops $64,000 Ahead Of Fed's Decision; Pepe Emerges As Top Gainer",20-03-2024,1,0.846430778503418
Bitcoin ETF Outflows Mount As Ethereum ETF Approvals Get Delayed,20-03-2024,-1,-0.4921833276748657
"Stock Market Momo Crowd Wants The Fed To Bow To Them, What Happens To The Stock Market If The Fed Disappoints?",20-03-2024,0,0.0
"Bitcoin Dumps 13% From Its All-Time High: What Caused The Crypto Crash, Will It Recover?",20-03-2024,-1,-0.5757502317428589
'SEC Probing Crypto Companies In Ethereum Investigation As Hopes For ETF Dim' - Fortune,20-03-2024,0,0.0
"Stocks Hold Steady Ahead Of Fed Meeting, Oil Eases, Bitcoin Rebounds: What's Driving Markets Wednesday?",20-03-2024,-1,-0.6491561532020569
5 Things To Know In Investing This Week - The Stagflation And Doom Issue,20-03-2024,0,0.0
"Cathie Wood's ARKK Still Leaking, Loses Over 3% In Value And 2% Of Net Assets In A Week",20-03-2024,-1,-0.9702568650245667
How To Buy Bitcoin And Remain Profitable Despite Pullbacks: A Trader's Strategy,20-03-2024,0,0.0
"Bitcoin Dip '100% Predictable,' Could Trade Below $60K Before 'Meaningful Rally Attempt,' 10x Research Says",20-03-2024,1,0.47458839416503906
Trump Reportedly Eyes Marco Rubio For VP In 2024 Presidential Bid But There Is A Hiccup Called The Constitution,21-03-2024,0,0.0
'Rich Dad Poor Dad' Author Says Foolish And Desperate China Is In Trouble: 'This Is Not The Time To Buy Stocks And Bonds',21-03-2024,-1,-0.8445643782615662
"Cathie Wood's Ark Invest Sells Another Tranche Of Block Shares, Even As Bitcoin Price Stages A Recovery",21-03-2024,0,0.0
"Bitcoin, Ethereum, Dogecoin Rise As Fed Holds Rates Steady: Analyst Says 'Likelihood' Of King Crypto Reaching $500K Imminent",21-03-2024,1,0.9224793314933777
"Dogecoin, Litecoin, And Bitcoin Cash Futures Trading Set To Be Unveiled By Coinbase On April Fool's Day",21-03-2024,0,0.0
"Kyle Davies Is Not 'Sorry' For 3AC Bankruptcy, Says 'No, Like Companies Go Bankrupt'",21-03-2024,0,0.0
Can Crypto Escape Wall Street's Ghost? How The 'Overnight Effect' In Traditional Markets Affects Bitcoin And Ethereum,21-03-2024,0,0.0
"'DOGE Finally Looks Ready To Rip Higher,' Says Crypto Analyst Following Period Of Consolidation",21-03-2024,1,0.8838371634483337
Fed Euphoria Keeps US Stocks On Track For More Gains: Analyst Says New Breakout Coming Soon,21-03-2024,1,0.8012638092041016
"Bitcoin, Ethereum, Dogecoin Rise As Fed Holds Rates Steady: Analyst Says 'Likelihood' Of King Crypto Reaching $500K Imminent; Amazon Amps Up Delivery Speed and Trust to Tackle Alibaba Rivals Temu and Shein's Rapid US Expansion - Top Headlines Today While US Was Sleeping",21-03-2024,1,0.9343408942222595
"Bitcoin Tops $67,000 Following Fed's Decision; Ondo Emerges As Top Gainer",21-03-2024,1,0.8993678689002991
"EXCLUSIVE: Coinbase UK CEO Pinpoints Bitcoin's Rise, Calls Coin A Viable Alternative For Millions In Benzinga Interview",21-03-2024,1,0.7193092703819275
Coinbase Stock Is Ripping Higher: What's Going On?,21-03-2024,-1,-0.7023671269416809
"Bulls Stampede On Fed's Dovish Signal, Nasdaq 100 Hits New Record High, DOJ Sues Apple: What's Driving Markets Thursday?",21-03-2024,-1,-0.5031977891921997
"AI Memory Sold Out – Blowout Micron Earnings, Gold Over $2200 For First time Ever, Apple In Trouble",21-03-2024,1,0.8221166729927063
"Bitcoin Faces Potential Downturn As Profits Are Taken, Glassnode Data Shows",21-03-2024,-1,-0.960832953453064
Longtime Dogecoin-Bull Says He's A 'Big Fan' Of ADA And It Didn't Happen Overnight: 'You Either Love Cardano Or Not',22-03-2024,0,0.0
Cathie Wood's Ark Invest Scoops Up Reddit Shares On Debut — Also Acquires $46M Worth Of Mark Zuckerberg's Meta Stock,22-03-2024,0,0.0
"Bitcoin, Ethereum, Dogecoin Trade Mixed Amid Fall In Weekly Jobless Claims: Analyst Sees King Crypto Touching $142K Based On Historical Patterns",22-03-2024,-1,-0.7962853908538818
Wall Street Eyes Strong Finish To Week As Focus Turns To Fed Chair Powell's Speech: Analyst Tells Why S&P 500 Rally This Year Is 'Perfectly Normal',22-03-2024,1,0.8166716694831848
"Bitcoin, Ethereum, Dogecoin Trade Mixed Amid Fall In Weekly Jobless Claims; Air Travel To Get Expensive As Airlines Prepare To Pass $5T Decarbonization Expenses To Passengers: Report - Top Headlines Today While US Was Sleeping",22-03-2024,-1,-0.9065893888473511
"5 Technologies That Could Be Worth $220 Trillion By 2030, Cathie Wood's ARK Predicts: 'The Time Is Now'",22-03-2024,0,0.0
"Bitcoin Falls Below $65,000; Ondo, Solana Among Top Losers",22-03-2024,1,0.5520741939544678
Bitcoin Decreases More Than 6% Within 24 hours,22-03-2024,-1,-0.9543647170066833
"Bitcoin, Altcoins Ready For Massive Gains, According To Analyst",22-03-2024,1,0.8312205672264099
Opportunities In Small And Micro Caps Post Fed Shrugging Off Inflation,22-03-2024,1,0.9079172611236572
"Stocks Level Off, S&P 500 Nears Best Week Of 2024, NVIDIA Rallies For 11th Week, Bitcoin Sinks: What's Driving Markets Friday?",22-03-2024,-1,-0.7183156609535217
"Coinbase Consolidates New 27-Month Highs, Looks To Form Bullish Continuation Pattern: A Technical Analysis",22-03-2024,1,0.6236031651496887
Cathie Wood Says Bitcoin Could Skyrocket To $3.8M By 2030 Thanks To 'Institutional Green Light',23-03-2024,1,0.938503086566925
"Bitcoin Consolidation A Case Of 'Peaking Pre-Halving:' Analyst Says King Crypto Has A 'Long, Massive Bull Market Ahead'",23-03-2024,0,0.0
"Benzinga Bulls And Bears: Tesla, Nvidia, Bitcoin And A Sudden Spike In Google Searches For Shiba Inu",23-03-2024,0,0.0
"Book Of Meme Outperforms 'Dogecoin Killer' Shiba Inu, 'Rich Dad Poor Dad' Author Says Buy Bitcoin, Gold Amid China's Economic Woes And More: This Week In Cryptocurrency",24-03-2024,0,0.0
"Bitcoin, Ethereum, Dogecoin Gain Momentum As Fresh Trading Week Starts: Analyst Says Altcoin Market 'Bottoming Out,' Eyes $70K For BTC This Week",25-03-2024,-1,-0.8330754041671753
"'Rich Dad, Poor Dad' Author Robert Kiyosaki Says He's Buying 10 Bitcoin Before April Halving, Sees King Crypto Rallying To This Level By September",25-03-2024,1,0.8876139521598816
"Cathie Wood's Ark Doubles Down On Tesla Despite Dip, But Dumps $56M In This Bitcoin-Linked Stock Amid Crypto Cooldown",25-03-2024,-1,-0.9549918174743652
Wall Street Set To Open Weak Lower As Tech Feels China Chill: Analyst Says Stay Bullish 'If And Until This Changes',25-03-2024,-1,-0.9149046540260315
"Bitcoin, Ethereum, Dogecoin Gain Momentum As Fresh Trading Week Starts: Analyst Says Altcoin Market 'Bottoming Out,' Eyes $70K For BTC This Wee; Boeing Labor Union Pushes For Board Voice: Report - Top Headlines Today While US Was Sleeping",25-03-2024,-1,-0.6780210733413696
"Bitcoin Surpasses $67,000; Internet Computer Emerges As Top Gainer",25-03-2024,1,0.9239610433578491
"Benzinga Opening Bell Update: Bitcoin Rises, AMD And Intel Drop On China Restrictions, Boeing CEO To Step Down",25-03-2024,-1,-0.8374871611595154
Forget What You Know About The Bitcoin Halving: Here's Why This Cycle Could Be Wild,25-03-2024,0,0.0
"Apple, Alphabet, And Meta Under E.U. Probe; Intel And AMD Banned; Fed's Bostic Says One Rate Cut",25-03-2024,-1,-0.7092822194099426
Bitcoin Rises Above $70K Again: Expert Points To Pattern Signaling Major Breakout,25-03-2024,1,0.8093351721763611
"US Stocks Drift Lower As Tech Titans Fall, Oil Pushes Energy Giants Near Peaks, Bitcoin Reclaims $70,000: What's Driving Markets Monday?",25-03-2024,-1,-0.923477053642273
"Bitcoin Breaks $70,000: 10x Research Predicts 'Critical' Week For The 'Next 15,000-Point Move'",25-03-2024,0,0.0
"Bitcoin Believer From 2018 Nails It: Is He Right About $150,000?",25-03-2024,0,0.0
"Bitcoin Touches $70K Again, Ethereum, Dogecoin Bounce Upward As Crypto Market Recovers: Analyst Says If Rally Resumes, King Crypto Could Retest All-Time Highs",26-03-2024,1,0.9407610297203064
"Step Aside, Dogecoin: 'Father Of MEMEs' Richard Dawkins Gets Crypto Named After Him As Birthday Present, Elon Musk LOLs At Dawkoin",26-03-2024,0,0.0
SWIFT Plans Launch Of Platform Connecting Central Bank Digital Currencies With Global Banking System,26-03-2024,0,0.0
Crypto's Mainstream Moment: London Stock Exchange's $3 Trillion Bet On Bitcoin And Ether's Future,26-03-2024,0,0.0
"Nasdaq, S&P 500 Futures Surge Amid Risk-On Mood; Bitcoin, Gold Rally — Analyst Says 'Hard To Fight This Powerful Trend'",26-03-2024,1,0.7897188067436218
'Rich Dad Poor Dad' Author Robert Kiyosaki Admits Bitcoin Might Be A Ponzi Scheme But Remains Optimistic Due To This Law About Power Of 'Networks',26-03-2024,-1,-0.562859296798706
"As Bitcoin Consolidates, Altcoins Set To Skyrocket After 'Very Healthy' Correction, Says Top Crypto Trader",26-03-2024,1,0.8706958889961243
"Bitcoin Touches $70K Again, Ethereum, Dogecoin Bounce Upward As Crypto Market Recovers; Elon Musk Rolls Out Free Full Self-Driving Trial To US Tesla Owners — But Only For A Month - Top Headlines Today While US Was Sleeping",26-03-2024,1,0.6825239062309265
MicroStrategy's Bitcoin Bet: Stock Technicals Align With Michael Saylor's Vision,26-03-2024,0,0.0
"Ethereum Surpasses $3,600; dogwifhat Emerges As Top Gainer",26-03-2024,1,0.9005027413368225
Bitcoin Spot ETFs Stop Losing Streak: Is $100K Back On The Table?,26-03-2024,0,0.0
Bitcoin Whale's $6B Move Is Their First Since 2019:  Is It The Halving Catalyst Or Something More?,26-03-2024,0,0.0
"An Non-AI Stock Reddit Shows Expanding AI Exuberance, Important Treasury Auction Ahead, Fed MIA",26-03-2024,0,0.0
"Bitcoin's Price Rally Nearing This 'Liquidity Zone' Is Reason To 'Remain Cautious,' Trader Says",26-03-2024,-1,-0.4265528917312622
"Stocks Inch Higher, Tesla Rebounds, Bitcoin Holds Below $70,000: What's Driving Markets Tuesday?",26-03-2024,0,0.0
"The Fourth Bitcoin Halving and Its Potential to Shatter the $70,000 Ceiling Once More",26-03-2024,-1,-0.5185561180114746
"Gary Black Rejects Idea That Tesla Repurchase Bitcoin, Tells Proposer: 'Please No. You Can Buy BTC As An Investor'",27-03-2024,0,0.0
"Bitcoin, Ethereum, Dogecoin Register Little Change Amid Bullish Momentum: Analyst Says $160K Could Be A 'Conservative' Price Target For King Crypto",27-03-2024,1,0.6124359965324402
FTX Pushes To Nullify Value Of 'Sam Coins' Amid Bankruptcy Proceedings,27-03-2024,-1,-0.852104902267456
"US Stocks Set For Rebound, Aim To Snap 3-Session Slump And Close Quarter Strong: Analyst Foresees Robust April Ahead",27-03-2024,1,0.8566943407058716
"Bitcoin, Ethereum, Dogecoin Register Little Change Amid Bullish Momentum: Analyst Says $160K Could Be A 'Conservative' Price Target For King Crypto; Biden, Obama Reportedly Join Forces For Election Strategy Amid Fears Of Potential Defeat - Top Headlines Today While US Was Sleeping",27-03-2024,1,0.5715980529785156
"Ethereum Falls Below $3,600; KuCoin Token, Conflux Among Top Losers",27-03-2024,-1,-0.8012319207191467
"The SEC Has Sufficiently Pleaded That Coinbase Operates As An Exchange, As A Broker, And As A Clearing Agency Under The Federal Securities Laws, And, Through Its Staking Program, Engages In The Unregistered Offer And Sale Of Securities",27-03-2024,0,0.0
"Spot Bitcoin ETF Net Inflows Surge To $417M, But Why Did Price Not Move?",27-03-2024,0,0.0
"Pay Attention To Nvidia Chart For Near Term Market Direction, Tech Insiders Sell, Baltimore Impact",27-03-2024,0,0.0
Crypto Trader Used This Strategy To Avoid 2021 Bitcoin Crash 'From $58K To $28K In A Matter Of Weeks',27-03-2024,1,0.49903756380081177
"Small Caps Rally, Magnificent 7 Ease, Gold Eyes $2,200, Bitcoin Falls Below $69,000: What's Driving Markets Wednesday?",27-03-2024,-1,-0.5462585091590881
"Bitcoin Between '$75K To $80K Pre-Halving,' Crypto Investor Predicts: Open Interest Hits All-Time High",27-03-2024,1,0.8971112966537476
Edward Snowden Predicts SEC Will 'Lose So Hard In Court' against Coinbase: Gensler Had To Approve Bitcoin ETFs 'With Tears In His Eyes',28-03-2024,-1,-0.741366446018219
"Bitcoin, Ethereum Take A Breather While Dogecoin Spike Pushes Crypto Market Cap Above $2.6 Trillion — Analyst Sees BTC Hitting $80K Before Next Halving",28-03-2024,1,0.6701775193214417
"BlackRock's Bitcoin Bet Pays Off As IBIT ETF Crushes Records, Leaves CEO Larry Fink 'Pleasantly Surprised'",28-03-2024,1,0.904306173324585
Wall Street Eyes Muted Open As Caution Prevails Before Key Inflation Data: Analyst Sees Buying Opportunities In Any Pullback,28-03-2024,1,0.8664825558662415
Bitcoin Halving Expected To Enhance ETF Opportunities In Cryptocurrency Sector: Report,28-03-2024,1,0.9496954083442688
"Bitcoin, Ethereum Take A Breather While Dogecoin Spike Pushes Crypto Market Cap Above $2.6 Trillion; Team Biden Unveils Comprehensive Policy For Federal AI Use: Here's What It Entails - Top Headlines Today While US Slept",28-03-2024,0,0.0
"Watching MicroStrategy; Kerrisdale Capital Issues Report Titled  ""Long BTC / Short MicroStrategy Inc (MSTR) Know When To HODL, Know When To FODL""",28-03-2024,0,0.0
"Bitcoin ETFs Inflows Soar, Ethereum ETF Race Heats Up: What Does it Mean For Investors?",28-03-2024,0,0.0
"Bitcoin Trades Above $70,000 Following GDP, Jobless Claims Data; GateToken Emerges As Top Gainer",28-03-2024,1,0.8552898168563843
"Kerrisdale Capital Is Short MicroStrategy Stock, Long Bitcoin: 'Things Have Gotten Carried Away'",28-03-2024,-1,-0.8813727498054504
Russian Investigators Say Attackers Received Significant Amount Of Cash And Cryptocurrency From Ukraine,28-03-2024,0,0.0
Sam Bankman-Fried Has Been Sentenced To 25 Years In Federal Prison For Defrauding Customers And Investors In Crypto Exchange FTX; Ordered To Forfeit More Than $11B,28-03-2024,-1,-0.7780312895774841
"Nvidia (NVDA) Falls Below Trendline, Fed's Waller In No Rush To Cut Rates",28-03-2024,-1,-0.9272602200508118
Easter's Bitter Surprise: Cocoa Is Up 240% In A Year – What Can A Ton Of The Chocolate Commodity Get You Today?,28-03-2024,1,0.5061812400817871
"Stocks Pause As Traders Reassess Interest Rate Path, Gold Makes New Highs, Bitcoin Rebounds: What's Driving Markets Thursday?",28-03-2024,0,0.0
"Bitcoin Surpasses $70,000 Mark As Halving Looms: Trader Sees BTC 'Less Than 4% From A Huge Breakout'",28-03-2024,-1,-0.9548816084861755
What In The World Is Going On With Dogecoin?,29-03-2024,-1,-0.5796191096305847
Bitcoin Critic Peter Schiff Slams BTC ETF Recommendation Over Gold Assets Despite Record High For Precious Metal,29-03-2024,1,0.9341554045677185
Bitcoin's Historic Market Cycle Nearing End With The Halving Event? Expert Says Crypto Market To Undergo Major Changes,29-03-2024,0,0.0
'Rich Dad Poor Dad' Author Warns 'Baby Boomers To Go Bust' Because China-Like Crisis Is Coming To America: 'Get Real',29-03-2024,-1,-0.7875586748123169
Benzinga's 'Stock Whisper' Index: 5 Stocks Investors Secretly Monitor But Don't Talk About Yet,29-03-2024,0,0.0
"Cyberattack Targets Call Of Duty Cheaters, Draining Bitcoin Wallets In Malware Scam: Report",29-03-2024,-1,-0.8363147377967834
"Edward Snowden Says SEC Will 'Lose' Court Case Against Coinbase, Ethereum Co-Founder Thinks Metaverse Is 'Poorly Defined' And More: Weekly Cryptocurrency Roundup",31-03-2024,-1,-0.49413642287254333
"Dogecoin Set to Surge Over 200%, Says Crypto Analyst: 'It's Going To Do Something Insane This Cycle'",31-03-2024,1,0.7244517803192139
"$150,000 Bitcoin Boom Expected In 2024, Says Hedge Fund Manager: 'Bitcoin Is The King, It Is The Dominant Token'",31-03-2024,0,0.0
Is Bitcoin 'Digital Gold?' Peter Schiff Says 'Perhaps It Never Will' Make A New High Priced In Gold As Economist Shares Data That Undermines The Case,31-03-2024,-1,-0.8767616152763367
"Bitcoin, Ethereum, Dogecoin Spike Marking An End To Bullish Q1 2024 — Analyst Says King Crypto Could Ascend To $75K Mark If It Breaches Neckline Resistance",01-04-2024,1,0.8675603866577148
Crypto Analyst Willy Woo Says This Is The 'Scariest Chart' He's Ever Seen And It Isn't Even About Bitcoin,01-04-2024,0,0.0
Dogecoin Mirrors 2018-2021 Patterns: Crypto Analyst Says 'DOGE Could Be At The Very Beginning Of A Massive Parabolic Bull Run',01-04-2024,0,0.0
US Stocks Set To Start Fresh Week On Positive Note As Traders Take Inflation Data In Their Stride: Analyst Explains Why Rally Will Likely Extend Through 2024,01-04-2024,1,0.9214463233947754
"EXCLUSIVE: Top 10 Most Searched Tickers On Benzinga Pro In March: Where Do Tesla, Nvidia, SPY And Reddit IPO Rank?",01-04-2024,0,0.0
"Bitcoin Falls Below $70,000; Flare, dogwifhat Among Top Losers",01-04-2024,1,0.5538287162780762
"Bitcoin 'Finds Solid Ground' But Needs To Secure This 'Vital' Support Level, Says Trader",01-04-2024,1,0.9505652189254761
Daredevil Investor Gives '4-Month Update On How Maxing Out 8 Credit Cards To Buy Bitcoin' Is Going,01-04-2024,0,0.0
Will Bitcoin's 7-Month Winning Streak Continue In April? 10x Research Sees Halving As Key,01-04-2024,1,0.8888790011405945
"Stocks Fall As Dollar, Treasury Yields Jump On Upbeat Manufacturing Data, VIX Rallies: What's Driving Markets Monday?",01-04-2024,-1,-0.7907540202140808
"Bitcoin's Hashrate Up 80% From Last Year As Mining Profitability Improves, Says JPMorgan",01-04-2024,1,0.9554487466812134
'Pharma Bro' Martin Shkreli Predicts 75% Chance Of $1M Bitcoin By The End Of 2024,01-04-2024,1,0.8019830584526062
"Two Bitcoin-Related ETFs Shine In March's Top 10 Inflow Rankings: 'This Tailwind Should Persist,' Analysts Say",01-04-2024,-1,-0.9300252199172974
"Cathie Wood's Ark Amasses Nearly $15M Tesla Shares Ahead Of Crucial Q1 Deliveries Report - Continues To Offload Nvidia, Coinbase And Robinhood",02-04-2024,-1,-0.8962607383728027
"Bitcoin, Ethereum, Dogecoin Dip In Market Correction: Analyst Expects All-Time Highs For King Crypto As Halving Nears",02-04-2024,1,0.9087232351303101
"Ethereum Faces Rough Weather If It Dips Below This Vital Level, Warns Analyst: 'Given The Lack Of Support...'",02-04-2024,-1,-0.7564122676849365
Ken Griffin Slams 'Irresponsible' US Deficit: 'We Must Stop Borrowing At The Expense Of Future Generations',02-04-2024,-1,-0.8709637522697449
"Wall Street Set For Weak Open As Fed Speeches, Key Data Eyed: Amid Bitcoin Plunge And Gold Spike, Market Analyst Sees 'Nothing Breaking The Upward Trend'",02-04-2024,-1,-0.7677717208862305
"Bitcoin Poised For Historic 'Breakout' With This One Last Step, Top Crypto Analyst Predicts",02-04-2024,1,0.8932389616966248
"Solana 'Looks Hungry' To Replace BNB As Third 'Non-Stablecoin' After Bitcoin And Ethereum, Says Former ARK Invest Crypto Lead",02-04-2024,1,0.5475439429283142
"Bitcoin, Ethereum, Dogecoin Dip In Market Correction: Analyst Expects All-Time Highs For King Crypto As Halving Nears; US And UK Team Up To Regulate And Address Risks Of Emerging Artificial Intelligence - Top Headlines Today While US Was Sleeping",02-04-2024,1,0.8897185325622559
"Bitcoin Falls Below $66,000; Axelar Becomes Top Loser",02-04-2024,0,0.0
"Bitcoin Spot ETFs Hit Speed Bump As Grayscale Outflows Reach $302M In A Day, But 2 Firms Enjoy Inflows",02-04-2024,1,0.9420393705368042
Israel Kills Top Iranian General – Oil Rises – Not Great For Stock Market's No Inflation Story,02-04-2024,-1,-0.6432520151138306
Bitcoin Down More Than 4% Within 24 hours,02-04-2024,-1,-0.9678405523300171
Bitcoin's 6% Drop Prompts Peter Schiff Commentary: 'It's A Fake Asset',02-04-2024,-1,-0.946759819984436
Crypto Crash? Bitcoin And Ethereum Plunge Below Key Support Levels,02-04-2024,-1,-0.935075044631958
"Better Performer Than Nvidia – Copper Stock Freeport On China Optimism, Front Running Blind Money Fizzles",02-04-2024,1,0.7848506569862366
Betting Against A Bitcoin Hoarder: Shares Of MicroStrategy Slide After Kerrisdale Capital Shares A Trade Similar To Ours.,02-04-2024,-1,-0.9559721946716309
Trader Who Urged Everyone To Buy $1 Of Bitcoin In 2013 Now Advocates For 'Dogecoin Killer' Shiba Inu (UPDATED),02-04-2024,0,0.0
US Government Makes Surprise $2B Bitcoin Transfer On Heels Of Silk Road Seizure,02-04-2024,0,0.0
"Bitcoin Hits 'Really Important Milestone,' BTC Rallied 300% Last 4 Times This Happened",02-04-2024,1,0.9297676086425781
Cryptocurrencies are trading lower amid a drop in risk assets and Fed policy uncertainty.,02-04-2024,-1,-0.9675411581993103
Bitcoin's 5.6% Price Slide Takes It Below $66K... Except In This One Country,02-04-2024,-1,-0.6466251015663147
National Debt Drama Deepens: Where To Stash Your Cash When The Fiscal Sky Falls,02-04-2024,0,0.0
"Bitcoin Drops 5%: 'Corrections Are Normal, Buy The Bitcoin Dip,' Says Popular Analyst",02-04-2024,-1,-0.476580947637558
"Is Bitcoin Getting Its Own Emoji? Major Crypto Push Aims For 50,000 Endorsements",02-04-2024,0,0.0
"Cathie Wood's Ark Invest Unfazed By Tesla's Big Q1 Sales Miss, Hoards $39M Of EV Giant's Stock Tuesday — Nvidia Offloading Continues",03-04-2024,-1,-0.9427043795585632
"Bitcoin, Ethereum, Dogecoin Dip Amid High Selling Pressure: Analyst Says King Crypto Will Not See Highs 'Unless $69K Breaks'",03-04-2024,-1,-0.8171690702438354
"Popular Crypto Analyst On Holding Bitcoin: 'It's Like Chewing Glass 75% Of The Time, Then Snorting Cocaine For The Last 25%'",03-04-2024,0,0.0
Cathie Wood's ARK Bitcoin ETF Posts Record $87M Outflow As Crypto Market Faces Correction,03-04-2024,1,0.6800327897071838
"Crypto Analyst Believes $200K For Bitcoin Would Be 'Underwhelming', Predicts King Crypto To Reach $500K By 2025",03-04-2024,1,0.8398354053497314
"Wall Street Set To Stumble At Open As Traders Eye Key Data, Fed Chair Powell's Speech: Analyst Finds 2 Reasons To Stay Optimistic In April",03-04-2024,-1,-0.5939415097236633
"Bitcoin, Ethereum, Dogecoin Dip Amid High Selling Pressure: Analyst Says King Crypto Will Not See Highs 'Unless $69K Breaks; Tesla's Hidden Powerhouse: EV Giant Tries To Shift Investor Focus To Energy Business Amid Auto Slowdown - Top Headlines Today While US Slept",03-04-2024,1,0.634989321231842
"Ethereum Trades Below $3,400 Following ADP Report; Stacks Becomes Top Loser",03-04-2024,-1,-0.6071169972419739
Wall Street Wakes Up To The Risk In The Stock Market – Hoping For A Dovish Powell To Run Up Stocks,03-04-2024,1,0.36989492177963257
"Bitcoin ETFs Notch $39M Net Inflows On Tuesday, But One Fund  Stumbles",03-04-2024,-1,-0.9687387347221375
Cathie Wood: People Aren't Talking About This Reason For Bitcoin's Surge — 'There's Something Else Going On',03-04-2024,0,0.0
'Forget Bitcoin Price Targets': Crypto Expert Says 30% Of Cycle Top Metrics Are 'High Risk',03-04-2024,1,0.6880461573600769
Michigan's Most Popular Cryptocurrencies: Study Results May Surprise You,03-04-2024,0,0.0
"Bitcoin, Ethereum, Dogecoin Decline Ahead Of Friday's Jobs Report—Analyst Predicts King Crypto Could Surge Over 278% To $256K",04-04-2024,-1,-0.9659126996994019
"As Bitcoin, Ethereum, Dogecoin Come Under Pressure, Raoul Pal Asserts Crypto 'Still Being Adopted At Twice The Speed Of Internet' — Predicts 1B Users By 2025",04-04-2024,1,0.7823589444160461
New Solana-Based Cat Meme Token 'Book Of Meow' Surges To $30M In Volume Just Few Hours After Trading,04-04-2024,1,0.9248355627059937
"Core Chain, stc Bahrain Partner To Boost Web3 Adoption In  Gulf Region",04-04-2024,1,0.9476150870323181
"Peter Schiff Taunts Bitcoin Holders, Urges Them To Exchange Their Crypto Holdings For Gold: 'If You Fail To Act, Have Fun Staying Poor'",04-04-2024,-1,-0.6504359841346741
Shiba Inu Outshines Bitcoin In India Amid Meme Coin Frenzy On Premier Domestic Platform,04-04-2024,1,0.8504043817520142
"'We're F'd,' Says 'Rich Dad Poor Dad' Author Robert Kiyosaki Because Fed Chair Powell 'Finally Admitted Inflation Is Winning'",04-04-2024,1,0.5890290141105652
Wall Street Set For Strong Open Ahead Of Fed-Speech Deluge: Analyst Sees More Market Gains For Rest Of Year But Has A Word Of Caution,04-04-2024,1,0.5995445251464844
"Bitcoin Spot ETFs Notch $113M Net Inflows On Wednesday, Grayscale Outflows Continue",04-04-2024,1,0.8074012398719788
"Bitcoin, Ethereum, Dogecoin Decline Ahead Of Friday's Jobs Report—Analyst Predicts King Crypto Could Surge Over 278% To $256K; iPhone 16 Rumors Roundup: Everything We Know About Apple's Next Flagship - Top Headlines Today While US Was Sleeping",04-04-2024,-1,-0.8743172287940979
"Bitcoin Tops $66,000 Following Jobless Claims Data; Ethena Emerges As Top Gainer",04-04-2024,1,0.8891514539718628
"EXCLUSIVE: 'High Likelihood That ETH Spot ETFs Will Be Approved,' Says Crypto Billionaire James Wo",04-04-2024,1,0.896411657333374
"'Evil Is Normalized' In Cryptocurrency Due To 'Broken Moral Compass,' Blogger Writes",04-04-2024,-1,-0.9376195073127747
Aggressive Buying In Silver As Fed Chair Jerome Powell Itching To Cut Rates,04-04-2024,1,0.6695767641067505
"Bitcoin In 'The Danger Zone,' Says Trader Who Targets 22% Drawdown",04-04-2024,-1,-0.6409513354301453
"Veteran Trader Rates Bitcoin, Ethereum And Solana: This Is His 'Golden Child'",04-04-2024,0,0.0
Bitcoin Options Data Signals Potential Rebound Ahead Of US Unemployment Data,04-04-2024,1,0.8588987588882446
Bitcoin Supply Squeeze? Exchange Reserves At 18-Month Lows,04-04-2024,-1,-0.9525865912437439
"Bitcoin Long-Term Holders 'Well Into Their Distribution Cycle,' On-Chain Analysis Shows",04-04-2024,0,0.0
"Bitcoin, Ethereum, Dogecoin Rally Looks Tired, But These AI, Big Data Coins Are Heroes Of The Day Says Market Intelligence Platform",05-04-2024,0,0.0
Crypto Analyst Lark Davis Predicts Bitcoin Boom In 2024: 'Can You Smell The Money?',05-04-2024,0,0.0
"Cathie Wood's Ark Invest Sheds $6.4M Worth Of Coinbase Shares Despite Positive Market Movements, Analyst Upgrade",05-04-2024,-1,-0.8172392845153809
"Bitcoin, Ethereum, Dogecoin Surge Despite Hawkish Remarks From Fed President—Analysts Predict King Could Now Go Vertical With Several Critical Indicators In Alignment",05-04-2024,1,0.9341278076171875
"Can Bitcoin, Ethereum And Solana Ever Become 'Hard Money?' Crypto Analyst Draws Parallels With How JavaScript Replaced Fortran",05-04-2024,0,0.0
"Wall Street Looks To Regain Footing Amid High Volatility After Rate Jitters: As Traders Eye Jobs Data, Analyst Warns Of Deeper Pullback Chances",05-04-2024,-1,-0.8237341642379761
"Veteran Trader Peter Brandt Labels Ethereum A 'Junk Coin,' Says Bitcoin Is 'King Over Gold'",05-04-2024,-1,-0.6825252175331116
Bitcoin Halving 101: Everything Investors Need To Know,05-04-2024,0,0.0
"Bitcoin, And Other Crypto Soar Despite Hawkish Comments From Fed; Trump Suffers Double Legal Whammy In A Single Day: 'It Just Shows That Everything's Moving Forward' - Top Headlines Today While US Slept",05-04-2024,-1,-0.5799009799957275
"Bitcoin-Ether Ratio Surges To Highest Since April 2021, Signaling Caution Amid Crypto Rally",05-04-2024,1,0.7062653303146362
"Ethereum Falls Below $3,300 Following Jobs Data; Ethena, Wormhole Among Top Losers",05-04-2024,-1,-0.9159985780715942
What Do The Three Phases Of The Bitcoin Halving Mean?,05-04-2024,0,0.0
BlackRock Adds Goldman Sachs Among New APs For Spot Bitcoin ETF,05-04-2024,0,0.0
"Stocks Rally On Hot Jobs Data, Defy Interest Rate Fears, Gold Hits New High, Oil Tops $87: What's Driving Markets Friday?",05-04-2024,0,0.0
"A Longer Bitcoin Range Could 'Pave The Way Towards $80K+,' Says Trader",05-04-2024,1,0.924452006816864
"Jobs Rocket Past Estimates, Be Careful Listening To Stock Market Permabulls",05-04-2024,0,0.0
"Pro Bitcoin President Javier Milei Blames 'Intellectually Dishonest' Argentinian Politicians For Sluggish Dollar Adoption: 'They Probably Would Have Accused Us Of Some Monkey, Shady Business'",06-04-2024,-1,-0.950442373752594
Peter Schiff Warns Stocks Are In A 'Stealth Bear Market' As Gold Hits Record High: 'Don't Get Excited About Today's 300 Point Rise In The Dow Jones',06-04-2024,-1,-0.7172979116439819
"Benzinga Bulls And Bears: Tesla, Apple, Meta And A 2013 Bitcoin Supporter Now Says 'Yes' To Shiba Inu",06-04-2024,0,0.0
"Crypto Trader Writes Viral Post About Financial Freedom: 'If You Think It's Having $100M, You Are Wrong'",06-04-2024,0,0.0
